[
	{
		"name":"Snow 雪花",
		"preview":"/preview/snow.gif",
		"dependence":[
			"/particles/snow.plist"
		]
	},
	{
		"name":"Rain 雨落",
		"preview":"/preview/rain.gif",
		"dependence":[
			"/particles/rain.plist"
		]
	},
	{
		"name":"Sakura 樱花瓣",
		"preview":"/preview/sakura.gif",
		"dependence":[
			"/particles/flower.plist",
			"/particles/flower2.plist",
			"/particles/flower3.plist"
		]
	},
	{
		"name":"Rose 玫瑰花瓣",
		"preview":"/preview/rose.gif",
		"dependence":[
			"/particles/rose.plist",
			"/particles/rose2.plist",
			"/particles/rose3.plist"
		]
	},
	{
		"name":"Maple 枫叶",
		"preview":"/preview/maple.gif",
		"dependence":[
			"/particles/maple.plist",
			"/particles/maple2.plist"
		]
	},
	{
		"name":"Wilted 枯叶",
		"preview":"/preview/wilted.gif",
		"dependence":[
			"/particles/wilted.plist",
			"/particles/wilted2.plist"
		]
	},
	{
		"name":"Leaf 树叶",
		"preview":"/preview/leaf.gif",
		"dependence":[
			"/particles/leaf.plist",
			"/particles/leaf.plist"
		]
	},
	{
		"name":"Fog 雾",
		"preview":"/preview/fog.gif",
		"dependence":[
			"/particles/fog.plist"
		]
	},
	{
		"name":"Fog2 大雾",
		"preview":"/preview/fog2.gif",
		"dependence":[
			"/particles/fog2.plist"
		]
	},
	{
		"name":"Fog3 轻雾",
		"preview":"/preview/fog3.gif",
		"dependence":[
			"/particles/fog3.plist"
		]
	},
	{
		"name":"Smoke 烟雾",
		"preview":"/preview/smoke.gif",
		"dependence":[
			"/particles/smoke.plist"
		]
	},
	{
		"name":"Area Smoke 单点烟雾",
		"preview":"/preview/smoke2.gif",
		"dependence":[
			"/particles/smoke2.plist"
		]
	},
	{
		"name":"Heavy Smoke 浓烟雾",
		"preview":"/preview/smoke3.gif",
		"dependence":[
			"/particles/smoke3.plist"
		]
	},
	{
		"name":"Fire 火焰",
		"preview":"/preview/fire.gif",
		"dependence":[
			"/particles/fire.plist"
		]
	},
	{
		"name":"Flame 火苗",
		"preview":"/preview/flame.gif",
		"dependence":[
			"/particles/flame.plist"
		]
	},
	{
		"name":"Flame2 高火苗",
		"preview":"/preview/flame2.gif",
		"dependence":[
			"/particles/flame2.plist"
		]
	},
	{
		"name":"Meteorite 陨石",
		"preview":"/preview/meteorite.gif",
		"dependence":[
			"/particles/meteorite.plist"
		]
	},
	{
		"name":"Fireball 火球",
		"preview":"/preview/fireball.gif",
		"dependence":[
			"/particles/fireball.plist"
		]
	},
	{
		"name":"Explosion 爆炸",
		"preview":"/preview/explosion.gif",
		"dependence":[
			"/particles/explosion.plist"
		]
	},
	{
		"name":"Ember 灰烬",
		"preview":"/preview/emit.gif",
		"dependence":[
			"/particles/emit.plist"
		]
	},
	{
		"name":"Plasma 等离子",
		"preview":"/preview/plasma.gif",
		"dependence":[
			"/particles/plasma.plist"
		]
	},
	{
		"name":"Lightning 电光",
		"preview":"/preview/lightning.gif",
		"dependence":[
			"/particles/lightning.plist",
			"/particles/lightning1.plist"
		]
	},
	{
		"name":"Magic 魔法",
		"preview":"/preview/magic.gif",
		"dependence":[
			"/particles/magic.plist"
		]
	},
	{
		"name":"Magic2 魔法云",
		"preview":"/preview/magic2.gif",
		"dependence":[
			"/particles/magic2.plist"
		]
	},
	{
		"name":"Energyball 能量球",
		"preview":"/preview/energyball.gif",
		"dependence":[
			"/particles/energyball.plist"
		]
	},
	{
		"name":"Bubble 弹性气泡",
		"preview":"/preview/bubble.gif",
		"dependence":[
			"/particles/bubble.plist"
		]
	},
	{
		"name":"Bubble2 水下气泡",
		"preview":"/preview/bubble2.gif",
		"dependence":[
			"/particles/bubble2.plist"
		]
	},
	{
		"name":"Glowworm 萤火虫",
		"preview":"/preview/glowworm.gif",
		"dependence":[
			"/particles/glowworm.plist"
		]
	},
	{
		"name":"Jelly 水母",
		"preview":"/preview/jelly.gif",
		"dependence":[
			"/particles/jelly.plist"
		]
	},
	{
		"name":"Fish 鱼",
		"preview":"/preview/fish.gif",
		"dependence":[
			"/particles/fish.plist"
		]
	},
	{
		"name":"Kirawine 萌娘",
		"preview":"/preview/kirawine.gif",
		"dependence":[
			"/particles/kirawine.plist"
		]
	},
	{
		"name":"Sunlight 阳光",
		"preview":"/preview/sunlight.gif",
		"dependence":[
			"/particles/sunlight.plist"
		]
	},
	{
		"name":"Light 散光",
		"preview":"/preview/light.gif",
		"dependence":[
			"/particles/light.plist"
		]
	},
	{
		"name":"Bloom 绽放",
		"preview":"/preview/light_small.gif",
		"dependence":[
			"/particles/light_small.plist"
		]
	},
	{
		"name":"LightRing 光圈",
		"preview":"/preview/lightring.gif",
		"dependence":[
			"/particles/lightring.plist"
		]
	},
	{
		"name":"Gather 聚气",
		"preview":"/preview/gather.gif",
		"dependence":[
			"/particles/gather.plist"
		]
	},
	{
		"name":"Firework 烟花",
		"preview":"/preview/firework.gif",
		"dependence":[
			"/particles/firework.plist"
		]
	},
	{
		"name":"Comet 彗星",
		"preview":"/preview/comet.gif",
		"dependence":[
			"/particles/comet.plist"
		]
	},
	{
		"name":"WaterSurface 水面",
		"preview":"/preview/watersurface.gif",
		"dependence":[
			"/particles/watersurface.plist"
		]
	}
]